"pid","gid","val1","val2"
1,1,-0.560475646552213,1.12928773516095
1,1,-0.560475646552213,1.12928773516095
1,2,-0.23017748948328,2.71506498688328
2,2,0.070508391424576,-0.265061234606534
2,2,0.070508391424576,-0.265061234606534
2,1,1.55870831414912,1.4609162059892
