"expid","gene1","gene2"
100009,-1.22051198236614,-0.24168976773895
100008,0.286548567354287,1.68588724420516
100007,-0.771791771246158,-1.0700682293443
100003,0.886736147003819,0.27602347826589
100017,-0.886436716416801,0.412022274758476
100004,-0.151395962335781,-1.04897550447309
100018,-1.31893760353663,0.793585307678721
100015,0.393708652215793,1.23397624015726
100011,0.800176865835429,-0.77297822818092
100001,-0.599608327943981,1.6898725186456
100005,0.329791200757734,-0.520869343832941
