"expid","gene1","gene2"
100020,-0.432129793471332,-0.22889581513082
100018,-1.31893760353663,0.793585307678721
100013,1.24291877493732,-1.33435362820732
100014,-0.93438505805516,0.495870479997156
100001,-0.599608327943981,1.6898725186456
100008,0.286548567354287,1.68588724420516
100011,0.800176865835429,-0.77297822818092
100003,0.886736147003819,0.27602347826589
100004,-0.151395962335781,-1.04897550447309
100019,0.0288439085164407,-0.152410633064764
100002,-0.129410689007174,1.22839278213642
